id;sex;birth_date;country;town;post_code
1;false;2020-11-17T04:00:07;Mozambique;Frozen reboot;15015
2;true;2020-11-17T05:00:19;Wallis and Futuna;Realigned;59196
3;true;2020-11-17T04:38:26;Albania;Sausages Port product;48090
4;true;2020-11-17T05:16:21;Norfolk Island;Money Market Account Flat;54390
5;true;2020-11-17T04:01:40;Solomon Islands;Jewelery paradigms payment;48749
6;true;2020-11-16T15:01:15;Martinique;groupware Checking Account;46859
7;true;2020-11-16T20:07:50;Greece;Ergonomic Frozen Towels;49512
8;false;2020-11-17T08:35:37;Bosnia and Herzegovina;primary Orchestrator;76935
9;true;2020-11-16T13:50:43;Wallis and Futuna;Indiana California;01641
10;false;2020-11-17T02:02:11;Micronesia;Implementation Representative;88502
